{
  "state": {
    "isStdOutTTY": true,
    "isStdErrTTY": true,
    "testRunDurationMs": 10203.02187
  },
  "metrics": {
    "http_req_tls_handshaking": {
      "type": "trend",
      "contains": "time",
      "values": {
        "p(90)": 0,
        "p(95)": 0,
        "avg": 0,
        "min": 0,
        "med": 0,
        "max": 0
      }
    },
    "http_req_blocked": {
      "type": "trend",
      "contains": "time",
      "values": {
        "min": 0.000821,
        "med": 0.0030855,
        "max": 88.660638,
        "p(90)": 0.006089700000000002,
        "p(95)": 0.008230649999999997,
        "avg": 0.7874442330335231
      }
    },
    "http_req_failed": {
      "type": "rate",
      "contains": "default",
      "values": {
        "rate": 1,
        "passes": 4892,
        "fails": 0
      }
    },
    "http_reqs": {
      "type": "counter",
      "contains": "default",
      "values": {
        "count": 4892,
        "rate": 479.4657957544885
      }
    },
    "iteration_duration": {
      "type": "trend",
      "contains": "time",
      "values": {
        "avg": 206.97466711815224,
        "min": 200.785784,
        "med": 202.16765800000002,
        "max": 344.735081,
        "p(90)": 207.6651995,
        "p(95)": 245.91868889999984
      }
    },
    "http_req_sending": {
      "type": "trend",
      "contains": "time",
      "values": {
        "avg": 0.024195916189697478,
        "min": 0.004269,
        "med": 0.013159,
        "max": 1.242463,
        "p(90)": 0.033512900000000005,
        "p(95)": 0.04661684999999997
      }
    },
    "iterations": {
      "type": "counter",
      "contains": "default",
      "values": {
        "count": 4892,
        "rate": 479.4657957544885
      }
    },
    "vus": {
      "type": "gauge",
      "contains": "default",
      "values": {
        "min": 100,
        "max": 100,
        "value": 100
      }
    },
    "http_req_receiving": {
      "type": "trend",
      "contains": "time",
      "values": {
        "p(90)": 0.10356010000000002,
        "p(95)": 0.12727955,
        "avg": 0.06852828086672122,
        "min": 0.014119,
        "med": 0.056455,
        "max": 4.090693
      }
    },
    "http_req_waiting": {
      "type": "trend",
      "contains": "time",
      "values": {
        "max": 86.579753,
        "p(90)": 6.535891900000029,
        "p(95)": 33.00871499999991,
        "avg": 5.463740396770246,
        "min": 0.619236,
        "med": 1.4263854999999999
      }
    },
    "vus_max": {
      "type": "gauge",
      "contains": "default",
      "values": {
        "value": 100,
        "min": 100,
        "max": 100
      }
    },
    "checks": {
      "type": "rate",
      "contains": "default",
      "values": {
        "rate": 0,
        "passes": 0,
        "fails": 4892
      },
      "thresholds": {
        "rate>0.99": {
          "ok": false
        }
      }
    },
    "data_received": {
      "type": "counter",
      "contains": "data",
      "values": {
        "count": 2372620,
        "rate": 232540.91094092693
      }
    },
    "http_req_duration": {
      "thresholds": {
        "p(95)<800": {
          "ok": true
        }
      },
      "type": "trend",
      "contains": "time",
      "values": {
        "max": 87.113523,
        "p(90)": 6.642102200000001,
        "p(95)": 33.67475439999988,
        "avg": 5.556464593826641,
        "min": 0.667604,
        "med": 1.507618
      }
    },
    "http_req_connecting": {
      "type": "trend",
      "contains": "time",
      "values": {
        "med": 0,
        "max": 84.954036,
        "p(90)": 0,
        "p(95)": 0,
        "avg": 0.15211417048242026,
        "min": 0
      }
    },
    "data_sent": {
      "type": "counter",
      "contains": "data",
      "values": {
        "count": 865884,
        "rate": 84865.44584854448
      }
    }
  },
  "root_group": {
    "name": "",
    "path": "",
    "id": "d41d8cd98f00b204e9800998ecf8427e",
    "groups": [],
    "checks": [
        {
          "name": "status 200",
          "path": "::status 200",
          "id": "fad9fa412b86fcb03bee97c80dcd61f1",
          "passes": 0,
          "fails": 4892
        }
      ]
  },
  "options": {
    "summaryTrendStats": [
      "avg",
      "min",
      "med",
      "max",
      "p(90)",
      "p(95)"
    ],
    "summaryTimeUnit": "",
    "noColor": false
  }
}